<?xml version="1.0" encoding="UTF-8"?>
<project-private xmlns="http://www.netbeans.org/ns/project-private/1">
    <editor-bookmarks xmlns="http://www.netbeans.org/ns/editor-bookmarks/2" lastBookmarkId="0"/>
    <open-files xmlns="http://www.netbeans.org/ns/projectui-open-files/2">
        <group>
            <file>file:/C:/wamp64/www/myproject/includes/check_if_added.php</file>
            <file>file:/C:/wamp64/www/myproject/logout.php</file>
            <file>file:/C:/wamp64/www/myproject/settings.php</file>
            <file>file:/C:/wamp64/www/myproject/css/style.css</file>
            <file>file:/C:/wamp64/www/myproject/success.php</file>
            <file>file:/C:/wamp64/www/myproject/products.php</file>
            <file>file:/C:/wamp64/www/myproject/includes/header1.php</file>
            <file>file:/C:/wamp64/www/myproject/cart.php</file>
            <file>file:/C:/wamp64/www/myproject/signup.php</file>
            <file>file:/C:/wamp64/www/myproject/login_script.php</file>
            <file>file:/C:/wamp64/www/myproject/includes/footer.php</file>
            <file>file:/C:/wamp64/www/myproject/includes/common.php</file>
            <file>file:/C:/wamp64/www/myproject/includes/header.php</file>
            <file>file:/C:/wamp64/www/myproject/signup_script.php</file>
            <file>file:/C:/wamp64/www/myproject/update_name.php</file>
            <file>file:/C:/wamp64/www/myproject/index.php</file>
            <file>file:/C:/wamp64/www/myproject/login.php</file>
        </group>
    </open-files>
</project-private>
